{"cameraMode":{"drawMode":0,"name":"Shaded","section":"Shading Mode"},"sceneLighting":true,"audioPlay":false,"sceneViewState":{"showFog":true,"showMaterialUpdate":false,"showSkybox":true,"showFlares":true,"showImageEffects":true,"showParticleSystems":true},"in2DMode":false,"pivot":{"x":-16.113950729370118,"y":16.243671417236329,"z":-23.5},"rotation":{"x":0.29572999477386477,"y":-0.13382495939731599,"z":0.04188309982419014,"w":0.9449261426925659},"size":2.121320962905884,"orthographic":false}